FIPS,Births_2018
1001,655
1003,2254
1005,261
1007,250
1009,681
1011,115
1013,221
1015,1293
1017,357
1019,219
1021,526
1023,134
1025,267
1027,128
1029,167
1031,652
1033,610
1035,126
1037,90
1039,426
1041,141
1043,977
1045,651
1047,460
1049,817
1051,896
1053,435
1055,1175
1057,167
1059,426
1061,272
1063,99
1065,186
1067,182
1069,1272
1071,570
1073,8412
1075,135
1077,866
1079,358
1081,1865
1083,995
1085,119
1087,172
1089,4149
1091,230
1093,287
1095,1363
1097,5337
1099,204
1101,3047
1103,1410
1105,107
1107,214
1109,344
1111,248
1113,755
1115,1019
1117,2282
1119,128
1121,833
1123,409
1125,2488
1127,745
1129,160
1131,135
1133,242
2013,19
2016,31
2020,4252
2050,435
2060,6
2068,28
2070,103
2090,1580
2100,16
2105,18
2110,331
2122,702
2130,160
2150,207
2158,249
2164,38
2170,1495
2180,210
2185,156
2188,166
2195,22
2198,74
2220,88
2230,11
2240,92
2261,113
2275,22
2282,4
2290,65
4001,972
4003,1395
4005,1567
4007,567
4009,527
4011,147
4012,208
4013,53688
4015,1754
4017,1484
4019,11251
4021,4539
4023,640
4025,1830
4027,2981
5001,236
5003,239
5005,345
5007,3685
5009,479
5011,122
5013,49
5015,327
5017,121
5019,224
5021,183
5023,219
5025,84
5027,256
5029,216
5031,1446
5033,703
5035,700
5037,212
5039,76
5041,150
5043,221
5045,1513
5047,178
5049,92
5051,1070
5053,181
5055,570
5057,315
5059,344
5061,168
5063,456
5065,115
5067,203
5069,851
5071,357
5073,78
5075,190
5077,82
5079,104
5081,156
5083,274
5085,936
5087,243
5089,170
5091,568
5093,587
5095,86
5097,84
5099,104
5101,72
5103,235
5105,115
5107,279
5109,106
5111,329
5113,237
5115,800
5117,76
5119,5112
5121,226
5123,308
5125,1318
5127,110
5129,92
5131,1687
5133,280
5135,180
5137,118
5139,480
5141,143
5143,3255
5145,901
5147,82
5149,282
6001,19132
6003,8
6005,296
6007,2480
6009,382
6011,314
6013,12081
6015,308
6017,1607
6019,14814
6021,365
6023,1444
6025,2851
6027,175
6029,13415
6031,2225
6033,736
6035,298
6037,119254
6039,2336
6041,2129
6043,147
6045,1007
6047,4042
6049,98
6051,128
6053,6006
6055,1356
6057,758
6059,37050
6061,3682
6063,160
6065,30318
6067,19277
6069,787
6071,30402
6073,41635
6075,8953
6077,10202
6079,2518
6081,8774
6083,5353
6085,22347
6087,2709
6089,1995
6091,32
6093,456
6095,5155
6097,4789
6099,7717
6101,1342
6103,774
6105,103
6107,6970
6109,447
6111,9370
6113,2394
6115,1242
8001,6894
8003,206
8005,7870
8007,137
8009,39
8011,36
8013,2663
8014,698
8015,142
8017,23
8019,71
8021,90
8023,34
8025,23
8027,31
8029,294
8031,9619
8033,12
8035,3541
8037,622
8039,220
8041,9651
8043,376
8045,816
8047,45
8049,130
8051,145
8053,2
8055,46
8057,13
8059,6018
8061,18
8063,86
8065,77
8067,524
8069,3395
8071,131
8073,57
8075,231
8077,1695
8079,6
8081,169
8083,262
8085,441
8087,420
8089,211
8091,27
8093,115
8095,52
8097,148
8099,178
8101,1831
8103,67
8105,119
8107,234
8109,74
8111,6
8113,61
8115,23
8117,281
8119,180
8121,51
8123,4427
8125,145
9001,9711
9003,9213
9005,1396
9007,1269
9009,8651
9011,2581
9013,1156
9015,1071
10001,2135
10003,6308
10005,2266
11001,9788
12001,2813
12003,320
12005,2253
12007,292
12009,5230
12011,21943
12013,127
12015,1031
12017,1072
12019,2199
12021,3201
12023,784
12027,380
12029,147
12031,13068
12033,3888
12035,796
12037,96
12039,541
12041,194
12043,67
12045,119
12047,156
12049,359
12051,569
12053,1588
12055,906
12057,17223
12059,202
12061,1243
12063,507
12065,123
12067,65
12069,3301
12071,6692
12073,3027
12075,400
12077,84
12079,180
12081,3453
12083,3449
12085,1256
12086,31268
12087,707
12089,831
12091,2693
12093,496
12095,16625
12097,4439
12099,14776
12101,5182
12103,8227
12105,7886
12107,846
12109,2115
12111,3001
12113,1913
12115,2832
12117,4710
12119,456
12121,455
12123,219
12125,142
12127,4984
12129,330
12131,770
12133,241
13001,225
13003,115
13005,150
13007,30
13009,390
13011,196
13013,1035
13015,1333
13017,207
13019,235
13021,2100
13023,135
13025,229
13027,171
13029,538
13031,882
13033,297
13035,272
13037,53
13039,779
13043,128
13045,1552
13047,687
13049,114
13051,3701
13053,220
13055,282
13057,2750
13059,1368
13061,23
13063,4043
13065,83
13067,9279
13069,590
13071,604
13073,1802
13075,199
13077,1677
13079,97
13081,270
13083,151
13085,260
13087,376
13089,10866
13091,188
13093,88
13095,1203
13097,1694
13099,127
13101,35
13103,767
13105,220
13107,286
13109,144
13111,193
13113,895
13115,1177
13117,2397
13119,287
13121,12662
13123,316
13125,30
13127,915
13129,683
13131,311
13133,153
13135,11455
13137,533
13139,2566
13141,53
13143,338
13145,284
13147,251
13149,126
13151,2467
13153,1933
13155,97
13157,879
13159,148
13161,209
13163,196
13165,90
13167,108
13169,225
13171,201
13173,124
13175,623
13177,314
13179,1404
13181,73
13183,235
13185,1578
13187,291
13189,274
13191,109
13193,125
13195,326
13197,76
13199,225
13201,62
13205,254
13207,254
13209,89
13211,207
13213,481
13215,2701
13217,1355
13219,368
13221,139
13223,1773
13225,315
13227,306
13229,231
13231,188
13233,581
13235,84
13237,210
13239,24
13241,147
13243,72
13245,2863
13247,976
13249,51
13251,169
13253,92
13255,808
13257,287
13259,42
13261,378
13263,51
13265,12
13267,270
13269,83
13271,131
13273,92
13275,559
13277,550
13279,366
13281,91
13283,73
13285,879
13287,104
13289,71
13291,168
13293,310
13295,725
13297,1131
13299,471
13301,58
13303,209
13305,368
13307,21
13309,61
13311,268
13313,1335
13315,86
13317,91
13319,102
13321,205
15001,2270
15003,12368
15005,0
15007,838
15009,1850
16001,4987
16003,33
16005,1173
16007,83
16009,100
16011,644
16013,194
16015,55
16017,438
16019,1902
16021,148
16023,31
16025,10
16027,3131
16029,90
16031,387
16033,6
16035,74
16037,43
16039,468
16041,199
16043,180
16045,200
16047,206
16049,151
16051,473
16053,385
16055,1793
16057,440
16059,76
16061,34
16063,68
16065,1084
16067,312
16069,475
16071,51
16073,142
16075,305
16077,114
16079,142
16081,143
16083,1231
16085,100
16087,111
17001,788
17003,72
17005,145
17007,562
17009,62
17011,335
17013,45
17015,137
17017,168
17019,2302
17021,319
17023,172
17025,156
17027,393
17029,489
17031,63850
17033,207
17035,123
17037,1061
17039,157
17041,238
17043,10449
17045,174
17047,71
17049,435
17051,251
17053,161
17055,457
17057,347
17059,45
17061,130
17063,587
17065,87
17067,175
17069,37
17071,68
17073,514
17075,312
17077,613
17079,111
17081,469
17083,208
17085,151
17087,111
17089,6516
17091,1302
17093,1550
17095,553
17097,7436
17099,1216
17101,146
17103,326
17105,381
17107,283
17109,254
17111,3043
17113,1936
17115,1268
17117,462
17119,2930
17121,484
17123,109
17125,129
17127,145
17129,124
17131,150
17133,336
17135,263
17137,310
17139,201
17141,542
17143,2361
17145,202
17147,187
17149,189
17151,28
17153,76
17155,51
17157,329
17159,198
17161,1692
17163,3092
17165,309
17167,2137
17169,57
17171,43
17173,254
17175,60
17177,440
17179,1435
17181,167
17183,960
17185,155
17187,203
17189,140
17191,195
17193,142
17195,578
17197,7619
17199,736
17201,3559
17203,384
18001,668
18003,5054
18005,1044
18007,112
18009,128
18011,841
18013,107
18015,210
18017,466
18019,1432
18021,299
18023,440
18025,98
18027,522
18029,497
18031,366
18033,533
18035,1139
18037,559
18039,3054
18041,210
18043,889
18045,162
18047,250
18049,231
18051,405
18053,657
18055,309
18057,3791
18059,788
18061,443
18063,1740
18065,456
18067,969
18069,408
18071,610
18073,373
18075,272
18077,373
18079,305
18081,1881
18083,444
18085,1005
18087,712
18089,5422
18091,1252
18093,485
18095,1452
18097,14009
18099,560
18101,115
18103,325
18105,1268
18107,451
18109,776
18111,141
18113,576
18115,49
18117,223
18119,203
18121,195
18123,199
18125,142
18127,1696
18129,257
18131,128
18133,402
18135,286
18137,336
18139,198
18141,3504
18143,285
18145,484
18147,194
18149,256
18151,406
18153,191
18155,118
18157,2318
18159,156
18161,67
18163,2158
18165,148
18167,1254
18169,343
18171,80
18173,629
18175,308
18177,712
18179,363
18181,301
18183,402
19001,80
19003,33
19005,196
19007,135
19009,65
19011,301
19013,1659
19015,266
19017,260
19019,263
19021,300
19023,131
19025,100
19027,252
19029,141
19031,179
19033,435
19035,127
19037,139
19039,123
19041,189
19043,183
19045,539
19047,249
19049,1273
19051,167
19053,90
19055,192
19057,420
19059,145
19061,1150
19063,109
19065,205
19067,192
19069,131
19071,85
19073,113
19075,128
19077,113
19079,186
19081,109
19083,162
19085,164
19087,226
19089,113
19091,107
19093,74
19095,180
19097,220
19099,401
19101,152
19103,1795
19105,197
19107,118
19109,165
19111,406
19113,2787
19115,133
19117,118
19119,169
19121,163
19123,258
19125,375
19127,515
19129,153
19131,110
19133,94
19135,80
19137,121
19139,527
19141,168
19143,76
19145,154
19147,109
19149,283
19151,78
19153,6896
19155,1160
19157,164
19159,63
19161,109
19163,2116
19165,110
19167,480
19169,900
19171,213
19173,67
19175,146
19177,89
19179,440
19181,581
19183,291
19185,92
19187,428
19189,107
19191,178
19193,1453
19195,77
19197,153
20001,129
20003,105
20005,194
20007,49
20009,315
20011,190
20013,111
20015,738
20017,31
20019,27
20021,213
20023,39
20025,23
20027,106
20029,81
20031,90
20033,12
20035,374
20037,463
20039,31
20041,208
20043,70
20045,1146
20047,29
20049,29
20051,340
20053,64
20055,620
20057,618
20059,287
20061,869
20063,35
20065,16
20067,112
20069,80
20071,14
20073,65
20075,36
20077,57
20079,359
20081,54
20083,22
20085,167
20087,200
20089,31
20091,7208
20093,59
20095,70
20097,36
20099,278
20101,15
20103,972
20105,36
20107,91
20109,43
20111,406
20113,304
20115,118
20117,103
20119,54
20121,345
20123,85
20125,362
20127,60
20129,22
20131,134
20133,207
20135,34
20137,62
20139,183
20141,34
20143,57
20145,65
20147,63
20149,396
20151,120
20153,32
20155,649
20157,43
20159,102
20161,923
20163,63
20165,35
20167,77
20169,625
20171,59
20173,7044
20175,397
20177,2110
20179,33
20181,71
20183,41
20185,49
20187,20
20189,67
20191,250
20193,119
20195,25
20197,64
20199,25
20201,66
20203,20
20205,107
20207,34
20209,2616
21001,207
21003,230
21005,268
21007,70
21009,550
21011,159
21013,333
21015,1660
21017,235
21019,472
21021,321
21023,82
21025,133
21027,254
21029,842
21031,149
21033,154
21035,385
21037,1096
21039,60
21041,153
21043,332
21045,198
21047,1439
21049,417
21051,222
21053,110
21055,82
21057,70
21059,1329
21061,123
21063,74
21065,135
21067,3997
21069,177
21071,398
21073,542
21075,83
21077,118
21079,192
21081,394
21083,504
21085,284
21087,126
21089,339
21091,115
21093,1414
21095,330
21097,227
21099,253
21101,537
21103,183
21105,39
21107,470
21109,168
21111,9649
21113,656
21115,223
21117,2267
21119,149
21121,384
21123,158
21125,751
21127,166
21129,82
21131,105
21133,260
21135,138
21137,358
21139,96
21141,327
21143,54
21145,799
21147,207
21149,96
21151,991
21153,137
21155,238
21157,313
21159,104
21161,206
21163,250
21165,75
21167,256
21169,117
21171,119
21173,377
21175,125
21177,353
21179,553
21181,92
21183,294
21185,571
21187,104
21189,53
21191,163
21193,336
21195,566
21197,156
21199,714
21201,20
21203,170
21205,264
21207,209
21209,695
21211,587
21213,228
21215,170
21217,339
21219,158
21221,153
21223,98
21225,157
21227,1642
21229,138
21231,233
21233,171
21235,575
21237,87
21239,287
22001,838
22003,296
22005,1717
22007,251
22009,531
22011,460
22013,151
22015,1708
22017,3113
22019,2958
22021,114
22023,62
22025,119
22027,172
22029,249
22031,312
22033,5846
22035,102
22037,197
22039,470
22041,290
22043,230
22045,989
22047,360
22049,172
22051,5683
22053,423
22055,3194
22057,1203
22059,165
22061,591
22063,1788
22065,142
22067,339
22069,529
22071,4583
22073,2083
22075,283
22077,261
22079,1754
22081,84
22083,237
22085,291
22087,603
22089,654
22091,105
22093,222
22095,542
22097,1225
22099,699
22101,653
22103,3054
22105,1933
22107,52
22109,1460
22111,253
22113,716
22115,953
22117,613
22119,466
22121,386
22123,125
22125,109
22127,178
23001,1209
23003,617
23005,2801
23007,229
23009,471
23011,1132
23013,342
23015,273
23017,512
23019,1437
23021,158
23023,325
23025,444
23027,328
23029,280
23031,1880
24001,614
24003,6853
24005,9579
24009,897
24011,389
24013,1655
24015,1106
24017,1799
24019,346
24021,2792
24023,277
24025,2639
24027,3522
24029,146
24031,12657
24033,12044
24035,505
24037,1365
24039,248
24041,335
24043,1644
24045,1247
24047,405
24510,7965
25001,1552
25003,985
25005,5632
25007,164
25009,8444
25011,577
25013,4877
25015,994
25017,16769
25019,162
25021,7171
25023,5127
25025,9302
25027,8541
26001,57
26003,59
26005,1363
26007,240
26009,206
26011,123
26013,63
26015,636
26017,1026
26019,156
26021,1659
26023,493
26025,1615
26027,429
26029,226
26031,190
26033,316
26035,318
26037,824
26039,114
26041,320
26043,278
26045,1118
26047,286
26049,4653
26051,264
26053,120
26055,910
26057,364
26059,555
26061,348
26063,313
26065,3359
26067,699
26069,205
26071,95
26073,604
26075,1737
26077,3125
26079,161
26081,8703
26083,19
26085,99
26087,779
26089,173
26091,1026
26093,1772
26095,43
26097,85
26099,9267
26101,241
26103,648
26105,269
26107,383
26109,186
26111,813
26113,181
26115,1501
26117,704
26119,64
26121,2072
26123,548
26125,13360
26127,299
26129,192
26131,31
26133,234
26135,90
26137,243
26139,3413
26141,106
26143,164
26145,2119
26147,1519
26149,749
26151,423
26153,67
26155,712
26157,506
26159,825
26161,3637
26163,22418
26165,366
27001,120
27003,4210
27005,419
27007,661
27009,552
27011,61
27013,715
27015,273
27017,355
27019,1174
27021,304
27023,143
27025,593
27027,903
27029,112
27031,47
27033,139
27035,675
27037,5185
27039,238
27041,426
27043,148
27045,268
27047,321
27049,500
27051,68
27053,16322
27055,202
27057,207
27059,433
27061,450
27063,108
27065,170
27067,574
27069,46
27071,99
27073,64
27075,101
27077,37
27079,340
27081,69
27083,359
27085,400
27087,105
27089,115
27091,223
27093,262
27095,338
27097,383
27099,503
27101,94
27103,360
27105,374
27107,78
27109,2108
27111,690
27113,163
27115,263
27117,128
27119,430
27121,119
27123,7648
27125,39
27127,186
27129,196
27131,774
27133,117
27135,171
27137,1962
27139,1845
27141,1205
27143,154
27145,2021
27147,421
27149,113
27151,112
27153,328
27155,35
27157,240
27159,198
27161,193
27163,2790
27165,155
27167,80
27169,458
27171,1734
27173,115
28001,347
28003,411
28005,124
28007,232
28009,102
28011,423
28013,148
28015,80
28017,222
28019,87
28021,110
28023,188
28025,216
28027,349
28029,324
28031,247
28033,2152
28035,962
28037,83
28039,356
28041,132
28043,269
28045,444
28047,2675
28049,2978
28051,235
28053,94
28055,14
28057,258
28059,1619
28061,195
28063,87
28065,118
28067,877
28069,92
28071,540
28073,772
28075,923
28077,161
28079,283
28081,1153
28083,446
28085,412
28087,749
28089,1257
28091,286
28093,383
28095,403
28097,127
28099,417
28101,288
28103,159
28105,571
28107,482
28109,603
28111,130
28113,530
28115,439
28117,301
28119,85
28121,1716
28123,468
28125,52
28127,292
28129,182
28131,207
28133,279
28135,150
28137,342
28139,264
28141,209
28143,171
28145,369
28147,171
28149,589
28151,603
28153,268
28155,121
28157,87
28159,183
28161,147
28163,299
29001,267
29003,179
29005,51
29007,335
29009,414
29011,122
29013,164
29015,154
29017,107
29019,2045
29021,1100
29023,546
29025,97
29027,450
29029,363
29031,859
29033,105
29035,80
29037,1195
29039,195
29041,78
29043,991
29045,71
29047,2983
29049,252
29051,890
29053,181
29055,246
29057,75
29059,216
29061,111
29063,118
29065,163
29067,149
29069,389
29071,1207
29073,155
29075,86
29077,3498
29079,137
29081,104
29083,255
29085,102
29087,49
29089,111
29091,462
29093,100
29095,9244
29097,1624
29099,2522
29101,687
29103,46
29105,496
29107,356
29109,514
29111,108
29113,737
29115,123
29117,156
29119,355
29121,157
29123,145
29125,65
29127,341
29129,51
29131,305
29133,133
29135,193
29137,103
29139,116
29141,249
29143,215
29145,678
29147,237
29149,109
29151,183
29153,78
29155,246
29157,215
29159,522
29161,477
29163,215
29165,1261
29167,378
29169,744
29171,57
29173,93
29175,289
29177,247
29179,43
29181,157
29183,4404
29185,115
29186,182
29187,683
29189,11309
29195,223
29197,72
29199,94
29201,461
29203,88
29205,76
29207,294
29209,240
29211,83
29213,651
29215,283
29217,223
29219,418
29221,282
29223,139
29225,580
29227,23
29229,261
29510,4047
30001,82
30003,240
30005,99
30007,56
30009,75
30011,18
30013,1067
30015,54
30017,138
30019,15
30021,88
30023,74
30025,39
30027,121
30029,1144
30031,1282
30033,17
30035,230
30037,10
30039,18
30041,300
30043,92
30045,13
30047,359
30049,785
30051,25
30053,166
30055,20
30057,67
30059,14
30061,39
30063,1174
30065,38
30067,151
30069,2
30071,53
30073,86
30075,19
30077,53
30079,8
30081,379
30083,138
30085,221
30087,149
30089,109
30091,38
30093,389
30095,79
30097,33
30099,80
30101,58
30103,10
30105,85
30107,25
30109,10
30111,1916
31001,406
31003,91
31005,4
31007,7
31009,4
31011,61
31013,131
31015,17
31017,28
31019,693
31021,70
31023,82
31025,272
31027,107
31029,55
31031,68
31033,112
31035,80
31037,196
31039,104
31041,130
31043,353
31045,88
31047,394
31049,14
31051,78
31053,482
31055,8488
31057,18
31059,62
31061,33
31063,21
31065,55
31067,240
31069,21
31071,18
31073,23
31075,11
31077,24
31079,926
31081,120
31083,38
31085,18
31087,25
31089,139
31091,6
31093,72
31095,80
31097,39
31099,75
31101,92
31103,6
31105,37
31107,105
31109,3964
31111,427
31113,9
31115,6
31117,2
31119,497
31121,90
31123,44
31125,39
31127,80
31129,43
31131,196
31133,31
31135,37
31137,102
31139,79
31141,473
31143,59
31145,134
31147,84
31149,18
31151,194
31153,2504
31155,252
31157,476
31159,181
31161,59
31163,35
31165,10
31167,67
31169,51
31171,5
31173,165
31175,43
31177,214
31179,97
31181,31
31183,10
31185,172
32001,290
32003,27244
32005,245
32007,713
32009,6
32011,17
32013,230
32015,80
32017,37
32019,572
32021,47
32023,369
32027,39
32029,19
32031,5392
32033,101
32510,641
33001,500
33003,322
33005,644
33007,224
33009,702
33011,4193
33013,1304
33015,2667
33017,1200
33019,393
34001,2722
34003,9296
34005,4326
34007,6040
34009,804
34011,1774
34013,10198
34015,2753
34017,10199
34019,921
34021,4198
34023,9038
34025,5834
34027,4557
34029,8426
34031,6626
34033,630
34035,3185
34037,1168
34039,6589
34041,942
35001,7319
35003,14
35005,850
35006,305
35007,107
35009,824
35011,13
35013,2750
35015,799
35017,271
35019,45
35021,4
35023,52
35025,1014
35027,168
35028,183
35029,372
35031,878
35033,37
35035,952
35037,80
35039,442
35041,254
35043,1440
35045,1543
35047,252
35049,1243
35051,100
35053,189
35055,287
35057,162
35059,37
35061,817
36001,2990
36003,474
36005,20331
36007,1923
36009,782
36011,751
36013,1281
36015,905
36017,500
36019,774
36021,477
36023,499
36025,322
36027,2503
36029,9758
36031,296
36033,480
36035,490
36037,566
36039,378
36041,16
36043,604
36045,1859
36047,39259
36049,310
36051,501
36053,605
36055,7798
36057,559
36059,14117
36061,16906
36063,2066
36065,2422
36067,5068
36069,972
36071,4905
36073,388
36075,1284
36077,482
36079,822
36081,29144
36083,1690
36085,5355
36087,5345
36089,1029
36091,2190
36093,1738
36095,228
36097,157
36099,327
36101,980
36103,15210
36105,835
36107,493
36109,769
36111,1451
36113,555
36115,549
36117,903
36119,10041
36121,386
36123,301
37001,1895
37003,356
37005,97
37007,256
37009,207
37011,130
37013,439
37015,172
37017,322
37019,983
37021,2455
37023,892
37025,2551
37027,787
37029,90
37031,529
37033,197
37035,1638
37037,650
37039,233
37041,118
37043,96
37045,1038
37047,565
37049,1354
37051,5298
37053,269
37055,317
37057,1733
37059,398
37061,645
37063,4209
37065,571
37067,4399
37069,703
37071,2545
37073,103
37075,76
37077,579
37079,202
37081,6139
37083,550
37085,1851
37087,604
37089,1073
37091,215
37093,891
37095,33
37097,1895
37099,377
37101,2353
37103,90
37105,776
37107,611
37109,797
37111,442
37113,334
37115,185
37117,233
37119,14736
37121,136
37123,280
37125,1127
37127,1036
37129,2226
37131,190
37133,3909
37135,1160
37137,79
37139,469
37141,666
37143,120
37145,411
37147,1998
37149,149
37151,1548
37153,527
37155,1701
37157,874
37159,1596
37161,660
37163,812
37165,443
37167,699
37169,387
37171,721
37173,158
37175,257
37177,44
37179,2396
37181,541
37183,12787
37185,175
37187,126
37189,381
37191,1578
37193,652
37195,936
37197,390
37199,157
38001,25
38003,98
38005,163
38007,14
38009,60
38011,35
38013,33
38015,1261
38017,2608
38019,57
38021,60
38023,19
38025,62
38027,33
38029,30
38031,38
38033,25
38035,989
38037,30
38039,21
38041,35
38043,26
38045,46
38047,21
38049,70
38051,24
38053,253
38055,118
38057,94
38059,478
38061,183
38063,27
38065,22
38067,83
38069,39
38071,159
38073,53
38075,27
38077,200
38079,261
38081,39
38083,15
38085,85
38087,12
38089,502
38091,26
38093,218
38095,24
38097,101
38099,143
38101,1124
38103,49
38105,651
39001,332
39003,1212
39005,588
39007,1087
39009,514
39011,563
39013,580
39015,475
39017,4399
39019,264
39021,396
39023,1534
39025,2262
39027,482
39029,1021
39031,452
39033,459
39035,14287
39037,619
39039,433
39041,2054
39043,772
39045,1704
39047,307
39049,18799
39051,471
39053,364
39055,924
39057,1753
39059,436
39061,10603
39063,892
39065,380
39067,146
39069,292
39071,524
39073,309
39075,716
39077,734
39079,388
39081,634
39083,731
39085,2165
39087,604
39089,1976
39091,502
39093,3183
39095,5370
39097,422
39099,2426
39101,735
39103,1752
39105,246
39107,605
39109,1172
39111,116
39113,6551
39115,143
39117,354
39119,1004
39121,131
39123,315
39125,205
39127,406
39129,575
39131,327
39133,1370
39135,428
39137,416
39139,1300
39141,819
39143,633
39145,851
39147,576
39149,604
39151,4016
39153,5842
39155,2040
39157,1126
39159,665
39161,359
39163,135
39165,2312
39167,591
39169,1470
39171,410
39173,1360
39175,234
40001,323
40003,55
40005,155
40007,58
40009,285
40011,141
40013,595
40015,405
40017,1797
40019,642
40021,562
40023,204
40025,27
40027,2939
40029,74
40031,1704
40033,64
40035,148
40037,870
40039,408
40041,431
40043,57
40045,44
40047,882
40049,345
40051,579
40053,51
40055,45
40057,25
40059,46
40061,138
40063,153
40065,414
40067,60
40069,125
40071,591
40073,184
40075,94
40077,119
40079,622
40081,371
40083,519
40085,133
40087,447
40089,454
40091,215
40093,92
40095,198
40097,470
40099,140
40101,845
40103,126
40105,113
40107,121
40109,11753
40111,432
40113,409
40115,374
40117,188
40119,844
40121,489
40123,541
40125,867
40127,118
40129,40
40131,970
40133,319
40135,516
40137,497
40139,367
40141,77
40143,9246
40145,897
40147,619
40149,144
40151,102
40153,264
41001,157
41003,750
41005,4194
41007,392
41009,537
41011,617
41013,259
41015,174
41017,1871
41019,1075
41021,15
41023,59
41025,83
41027,266
41029,2293
41031,281
41033,891
41035,816
41037,67
41039,3577
41041,429
41043,1523
41045,435
41047,4556
41049,165
41051,8807
41053,951
41055,15
41057,241
41059,959
41061,305
41063,61
41065,329
41067,6844
41069,14
41071,1158
42001,906
42003,12795
42005,637
42007,1601
42009,491
42011,4702
42013,1217
42015,672
42017,5864
42019,1788
42021,1291
42023,34
42025,592
42027,1155
42029,5261
42031,370
42033,732
42035,396
42037,552
42039,882
42041,2632
42043,3373
42045,6424
42047,294
42049,2912
42051,1280
42053,22
42055,1833
42057,140
42059,358
42061,357
42063,829
42065,428
42067,274
42069,2182
42071,6864
42073,838
42075,1579
42077,4209
42079,3145
42081,1152
42083,352
42085,1116
42087,546
42089,1478
42091,8564
42093,218
42095,2826
42097,897
42099,508
42101,20991
42103,429
42105,162
42107,1317
42109,417
42111,635
42113,39
42115,337
42117,390
42119,407
42121,500
42123,385
42125,1991
42127,408
42129,2829
42131,241
42133,4859
44001,324
44003,1526
44005,682
44007,7137
44009,906
45001,202
45003,1906
45005,73
45007,2304
45009,125
45011,235
45013,1919
45015,2761
45017,120
45019,4874
45021,640
45023,343
45025,463
45027,294
45029,437
45031,747
45033,374
45035,1778
45037,193
45039,200
45041,1582
45043,558
45045,6243
45047,763
45049,192
45051,3064
45053,337
45055,774
45057,1057
45059,758
45061,180
45063,3232
45065,48
45067,347
45069,260
45071,448
45073,727
45075,910
45077,1201
45079,4675
45081,229
45083,3693
45085,1321
45087,309
45089,292
45091,3050
46003,43
46005,305
46007,60
46009,67
46011,417
46013,525
46015,73
46017,49
46019,133
46021,10
46023,163
46025,66
46027,143
46029,342
46031,99
46033,72
46035,230
46037,53
46039,59
46041,156
46043,49
46045,43
46047,52
46049,31
46051,87
46053,55
46055,22
46057,115
46059,43
46061,43
46063,16
46065,222
46067,118
46069,16
46071,78
46073,18
46075,13
46077,64
46079,128
46081,236
46083,823
46085,68
46087,79
46089,22
46091,79
46093,263
46095,46
46097,22
46099,2861
46101,83
46102,286
46103,1434
46105,37
46107,22
46109,162
46111,37
46115,82
46117,32
46119,18
46121,246
46123,80
46125,86
46127,176
46129,70
46135,293
46137,22
47001,769
47003,646
47005,148
47007,119
47009,1212
47011,1205
47013,440
47015,168
47017,298
47019,470
47021,470
47023,180
47025,306
47027,66
47029,362
47031,657
47033,149
47035,501
47037,9837
47039,111
47041,202
47043,598
47045,457
47047,406
47049,181
47051,407
47053,579
47055,319
47057,225
47059,649
47061,156
47063,745
47065,4201
47067,67
47069,251
47071,266
47073,523
47075,189
47077,311
47079,318
47081,258
47083,84
47085,195
47087,104
47089,481
47091,143
47093,5193
47095,61
47097,311
47099,548
47101,135
47103,353
47105,525
47107,574
47109,275
47111,317
47113,1184
47115,312
47117,400
47119,1217
47121,125
47123,473
47125,3390
47127,50
47129,194
47131,336
47133,218
47135,102
47137,39
47139,171
47141,873
47143,391
47145,457
47147,865
47149,4111
47151,265
47153,157
47155,1051
47157,12785
47159,242
47161,143
47163,1473
47165,2132
47167,688
47169,100
47171,157
47173,199
47175,61
47177,475
47179,1241
47181,133
47183,326
47185,303
47187,2357
47189,1557
48001,580
48003,274
48005,1139
48007,230
48009,75
48011,24
48013,698
48015,336
48017,131
48019,189
48021,1130
48023,34
48025,339
48027,6047
48029,27700
48031,98
48033,6
48035,205
48037,1187
48039,4817
48041,2736
48043,96
48045,12
48047,105
48049,396
48051,214
48053,506
48055,568
48057,272
48059,159
48061,6547
48063,175
48065,48
48067,316
48069,104
48071,565
48073,734
48075,79
48077,88
48079,37
48081,37
48083,78
48085,11160
48087,30
48089,270
48091,1549
48093,139
48095,20
48097,563
48099,927
48101,14
48103,69
48105,32
48107,69
48109,32
48111,151
48113,40055
48115,175
48117,333
48119,67
48121,10227
48123,231
48125,20
48127,131
48129,33
48131,143
48133,215
48135,2713
48137,19
48139,2276
48141,12426
48143,489
48145,211
48147,363
48149,223
48151,37
48153,79
48155,11
48157,9935
48159,107
48161,201
48163,245
48165,439
48167,4121
48169,59
48171,263
48173,15
48175,76
48177,289
48179,274
48181,1595
48183,1666
48185,329
48187,1868
48189,420
48191,18
48193,90
48195,67
48197,32
48199,714
48201,70034
48203,797
48205,65
48207,42
48209,2668
48211,45
48213,910
48215,14568
48217,404
48219,276
48221,625
48223,441
48225,244
48227,443
48229,37
48231,1201
48233,286
48235,15
48237,94
48239,210
48241,420
48243,17
48245,3494
48247,75
48249,549
48251,2161
48253,164
48255,179
48257,1745
48259,394
48261,4
48263,6
48265,546
48267,43
48269,3
48271,34
48273,402
48275,37
48277,645
48279,177
48281,217
48283,85
48285,234
48287,197
48289,209
48291,1128
48293,288
48295,40
48297,130
48299,175
48301,4
48303,4160
48305,84
48307,84
48309,3455
48311,6
48313,160
48315,80
48317,88
48319,37
48321,543
48323,1069
48325,608
48327,18
48329,2847
48331,294
48333,39
48335,103
48337,227
48339,7408
48341,403
48343,141
48345,12
48347,788
48349,713
48351,123
48353,195
48355,4554
48357,163
48359,27
48361,1116
48363,349
48365,260
48367,1582
48369,159
48371,183
48373,507
48375,1791
48377,105
48379,110
48381,1587
48383,66
48385,35
48387,120
48389,193
48391,78
48393,8
48395,213
48397,1058
48399,106
48401,587
48403,102
48405,84
48407,300
48409,974
48411,56
48413,22
48415,229
48417,30
48419,353
48421,36
48423,3109
48425,86
48427,1227
48429,89
48431,15
48433,12
48435,47
48437,86
48439,28566
48441,2058
48443,8
48445,182
48447,12
48449,519
48451,1530
48453,15703
48455,141
48457,200
48459,479
48461,57
48463,390
48465,820
48467,643
48469,1218
48471,627
48473,669
48475,160
48477,402
48479,5026
48481,560
48483,66
48485,1619
48487,146
48489,277
48491,6638
48493,539
48495,103
48497,768
48499,410
48501,150
48503,215
48505,243
48507,165
49001,102
49003,854
49005,2253
49007,213
49009,6
49011,5616
49013,324
49015,108
49017,62
49019,105
49021,832
49023,194
49025,83
49027,201
49029,173
49031,10
49033,35
49035,17266
49037,209
49039,387
49041,310
49043,435
49045,1022
49047,545
49049,12121
49051,480
49053,2282
49055,25
49057,3871
50001,311
50003,308
50005,279
50007,1490
50009,45
50011,540
50013,49
50015,249
50017,261
50019,240
50021,500
50023,518
50025,350
50027,459
51001,350
51003,1107
51005,119
51007,117
51009,307
51011,177
51013,3144
51015,635
51017,36
51019,657
51021,41
51023,250
51025,128
51027,155
51029,112
51031,473
51033,363
51035,219
51036,43
51037,127
51041,3852
51043,130
51045,31
51047,624
51049,82
51051,119
51053,201
51057,92
51059,13962
51061,762
51063,138
51065,241
51067,517
51069,997
51071,170
51073,352
51075,156
51077,111
51079,227
51081,131
51083,352
51085,955
51087,3762
51089,441
51091,18
51093,367
51095,739
51097,54
51099,299
51101,208
51103,93
51105,205
51107,5305
51109,382
51111,99
51113,135
51115,56
51117,298
51119,91
51121,818
51125,114
51127,229
51131,98
51133,81
51135,145
51137,385
51139,233
51141,153
51143,507
51145,237
51147,206
51149,327
51153,6689
51155,314
51157,35
51159,93
51161,714
51163,145
51165,845
51167,234
51169,164
51171,489
51173,272
51175,107
51177,1526
51179,1725
51181,54
51183,94
51185,389
51187,478
51191,518
51193,189
51195,408
51197,288
51199,652
51510,2780
51520,140
51530,2
51540,622
51550,2829
51570,262
51580,0
51590,422
51595,0
51600,646
51610,248
51620,60
51630,375
51640,48
51650,1665
51660,664
51670,344
51678,6
51680,1132
51683,737
51685,17
51690,200
51700,2648
51710,3404
51720,27
51730,649
51735,105
51740,1354
51750,137
51760,2987
51770,1484
51775,292
51790,359
51800,1172
51810,5670
51820,341
51830,87
51840,386
53001,388
53003,216
53005,2720
53007,891
53009,670
53011,5694
53013,38
53015,1320
53017,541
53019,75
53021,1622
53023,27
53025,1468
53027,742
53029,976
53031,179
53033,26097
53035,3098
53037,425
53039,214
53041,955
53043,105
53045,684
53047,510
53049,194
53051,120
53053,11722
53055,84
53057,1499
53059,102
53061,10138
53063,6098
53065,444
53067,3187
53069,21
53071,645
53073,2293
53075,427
53077,3866
54001,160
54003,1357
54005,226
54007,121
54009,190
54011,1026
54013,65
54015,84
54017,59
54019,415
54021,58
54023,121
54025,335
54027,198
